{"stats":{"minecraft:dropped":{"minecraft:pufferfish":2},"minecraft:custom":{"minecraft:jump":13,"minecraft:open_chest":1,"minecraft:time_since_rest":7719,"minecraft:damage_dealt":18,"minecraft:play_one_minute":7719,"minecraft:leave_game":1,"minecraft:walk_on_water_one_cm":3281,"minecraft:time_since_death":7719,"minecraft:walk_one_cm":5027,"minecraft:sneak_time":11,"minecraft:walk_under_water_one_cm":25777,"minecraft:fish_caught":1,"minecraft:swim_one_cm":15820,"minecraft:drop":2,"minecraft:fly_one_cm":16205,"minecraft:aviate_one_cm":257},"minecraft:used":{"minecraft:fishing_rod":2,"minecraft:air":10},"minecraft:picked_up":{"minecraft:pufferfish":2}},"DataVersion":1631}